Nombre;Descripción;Tipo;Nivel de precio;Dirección;Comuna;Rating (1-5);Ranking en Santiago;Tipo de cocina;Consumo;Termómetro Vegano
Rali Restaurant;Rali es un restaurant ubicado en el corazón de Santiago, con hermosa decoración de artículos mapuches, en el podrás encontrar exquisitos platos de comida casera con menus diarios, hasta platos mas elaborados, tambien ofrece momentos dulces en sus desayunos y onces, ademas variedad en exquisitas empanadas y Churrascos. Rali abre sus puertas de Lunes a Viernes de 09:00 hasta las 20:00 hrs.;Restaurante;Económico;Calle Merced 830, Santiago 8320175 Chile;Santiago;No tiene;No está en el ranking; Chilena y Sudamericana;Servicio de mesa;Opciones veganas
El Café de Martina;No tiene;Cafetería;Económico;Orrego Luco 0130 Ubicado entre Av. Andrés Bello y Av. Providencia, Santiago 7510115 Chile;Providencia;5;#2.090 de 3.950 restaurantes en Santiago;Pizzería, Café, Comida callejera;Servicio de mesa;Opciones veganas
Gorky Paellas;La mejor Paella de Santiago. Pruebala en el local los dias Viernes al almuerzo o encargala cualquier dia para llevar o a domicilio.Ademas nuestra carta consta de una variedad de platos calientes como lasanas, carne mechada, quiche, ricas ensaladas y platos vegetarianos.De lunes a viernes tenemos un menu del dia a la hora de almuerzo, este incluye entrada, fondo, postre mas un jugo o un cafe espreso.Ademas tenemos exquisita pasteleria propia que puedes acompanar de nuestros excelentes te de hoja y cafe en grano.;Restaurante;Gama media;Pl. Egaña, 7790758 Ñuñoa, Región Metropolitana;Ñuñoa;4,7;#542 de 3.950 restaurantes en Santiago;Española;Comida para llevar y entrega a domicilio;Opciones veganas
Marliz;Café Marliz, inaugurado en el año 2010 en la comuna de Las Condes, en la Avenida Cristóbal Colón con Piacenza, alcanzando a lo largo de los años su reputación como una de las más exitosas cafeterías del sector y caracterizado desde el principio por su alta calidad. En la actualidad, Café Marliz, cuenta con unas 15 personas que trabajan diariamente para deleitar y servir a todos nuestros clientes con la más alta calidad y excelencia en sus productos. Somos un exquisito lugar de encuentro familiar y de amistad, ofreciendo excelencia en el servicio y desarrollando una fina y artesanal gama de productos de pastelería, helados y acompañados de una variedad de exquisitos tipos de café y todo ello en un ambiente de relajación y entretenimiento.;Cafetería;Gama media;Avenida Cristobal Colon, 6809, Santiago 8320000 Chile;Las Condes ;3,8;N.º 133 de 338 lugares de café y té en Santiago;Café y Postres;Servicio de mesa;Opciones veganas
Restaurante Neighbor;"Nuevo restaurant de barrio que ofrece pollos de libre pastoreo marinados y asados al carbón. Al igual que las costillas BBQ; sin hormonas y sin marinar. original carta de la verdadera pizza estilo napolitana. Gran variedad de papas fritas y acompañamientos. Pescado fresco. Helados artesanales. restaurant que recibe mascotas y sustentable.";Restaurante;Gama media;Avenida Vitacura 5456, Santiago 7630629 Chile;Vitacura;4,3;#1.840 de 3.950 restaurantes en Santiago;Pizzería;Servicio de mesa;Opciones veganas
Green Vitality;No tiene;Restaurante;Económico;Teatinos 432, 8340349 Santiago, Región Metropolitana;Santiago;4;#1.226 de 3.950 restaurantes en Santiago;Española y Latina;Buffet;Apto para vegetarianos y  opciones veganas
Manouche Pizza Club;No tiene;Restaurante;Económico;Bombero Nunez #231, Santiago 8420432 Chile;Recoleta;3,3;#2.499 de 3.950 restaurantes en Santiago;Pizzería;Servicio de mesa;Opciones veganas
Falafel Asly;No tiene;Restaurante;Económico;Avenida Las Condes 8400, Santiago 7560300 Chile;Las Condes ;4,3;#673 de 3.950 restaurantes en Santiago;Latina y Comida rápida;Entrega a domicilio;Apto para vegetarianos y  opciones veganas 
Café Isla Verde;No tiene;Restaurante;Gama media;Dr. Johow 889-a, Ñuñoa, Región Metropolitana;Ñuñoa;4;#1.210 de 3.950 restaurantes en Santiago;Italiana y Latina;Comida para llevar y servicio de mesa;Opciones veganas
Verde Que Te Quiero Verde;"El Verde Que Te Quiero Verde es un moderno restaurant ubicado en el corazón del barrio Yungay (Santiago centro). 
Nuestra propuesta de inspiración vegetariana busca entregar a los comensales platos hechos con ingredientes seleccionados de la temporada, naturales y donde siempre buscamos excluir productos industriales. En El Verde, apostamos por una comida sana, pero no aburrida, preparada y montada con originalidad. Buscamos entregar sabores nuevos que sorprendan al llegar a la mesa. 
El Verde es atendidos por sus dueños, Claudia y Julien quienes llevan varios años en cocina.";Restaurante;Gama media;Huerfanos 3020, Santiago, Santiago 8350526 Chile;Santiago;4,2;#651 de 3.950 restaurantes en Santiago;Francesa;Comida para llevar y servicio de mesa;Apto para vegetarianos y opciones veganas
Zoliakie Kaffe;Cafetería especializada en comidas sin gluten. variedad de postres, quiches, empanadas, completos, hamburguesas, café de especialidad, jugos, etc...;Restaurante;Económico;Providencia 2546, Santiago 8320000 Chile;Providencia;4,7;#48 de 153 postres en Santiago;Café;Comida para llevar y servicio de mesa;Opciones veganas y opciones sin gluten
Tea Connection;No tiene;Restaurante;Gama media;Av. Pedro de Valdivia 0129, 7501012 Providencia, Región Metropolitana;Providencia ;3,9;#240 de 3.950 restaurantes en Santiago;Café;Comida para llevar y servicio de mesa;Apto para vegetarianos, opciones veganas y  opciones sin gluten
P.F. Chang's;No tiene;Restaurante;Gama media;Presidente Kennedy 5413 Mall Parque Arauco, Santiago 8320000 Chile;Las Condes ;3,6;#394 de 3.950 restaurantes en Santiago;China y Sushi;Servicio de mesa;Apto para vegetarianos, opciones veganas y  opciones sin gluten
Crepes & Waffles;No tiene;Restaurante;Gama media;Avenida Andrés Bello 2447 Local 512 (Mall Costanera Center), Santiago 8320000 Chile;Providencia;4,1;#19 de 153 postres en Santiago;Postres;Comida para llevar, entrega a domicilio y servicio de mesa;Apto para vegetarianos y opciones veganas
Quimey Sushi Fusion &Gluten Free;Primer y único Sushi 100% Libre de Gluten en Chile, además de Pizzas, Sándwich y Pastelería 100% Libre de Gluten;Restaurante;Gama media;Avenida Apoquindo 3161 Local 17, Santiago 7550217 Chile;Las Condes ;3,8;#1.093 de 3.950 restaurantes en Santiago;Japonesa y Sushi;Comida para llevar y servicio de mesa;Apto para vegetarianos y  opciones veganas
Ram Salaam;No tiene;Restaurante;Gama media;Santa Isabel 429, Santiago Chile;Providencia;3,9;#460 de 3.950 restaurantes en Santiago;India y Asiática;Comida para llevar y servicio de mesa;Apto para vegetarianos y opciones veganas 
La fraternal;No tiene;Restaurante;Gama media;Holanda 3362, 7790927 Ñuñoa, Región Metropolitana;Ñuñoa;3,3;#1.904 de 3,950 restaurantes en Santiago;Casera y Vegetariana;Comida para llevar y servicio de mesa;Apto para vegetarianos y  opciones veganas
Donde Naresh;No tiene;Restaurante;Gama media;Esmeralda 716, 8320049 Santiago, Región Metropolitana;Santiago;3,8;#988 de 3.950 restaurantes en Santiago;India y Asiática;Comida para llevar y servicio de mesa;Apto para vegetarianos y  opciones veganas
Pita House;No tiene;Restaurante;Económico;Av Vitacura 5480, 7630628 Vitacura, Región Metropolitana;Vitacura;4;#914 de 3.950 restaurantes en Santiago;Árabe;Comida para llevar y servicio de mesa;Apto para vegetarianos y  opciones veganas
Felipe Didier;No tiene;Restaurante;Económico;Los Piñones 43, Santiago 8320000 Chile;Providencia;3,8;#903 de 3.950 restaurantes en Santiago;Italiana y Sudamericana;Comida para llevar, entrega a domicilio y servicio de mesa;Apto para vegetarianos y  opciones veganas
Bar Badalú;No tiene;Bar;Económico;Av. Italia 1228 Esquina Santa Isabel, Santiago 4810721 Chile;Providencia;4,4;#42 de 101 bares y pubs en Santiago;Tragos;Servicio de mesa;Apto para vegetarianos y opciones veganas
Bar Italia;No tiene;Restaurante;Gama media;Avenida Italia 1423 Providencia, Santiago 7501464 Chile;Providencia;3,8;#397 of 3.950 restaurantes en Santiago;Contemporánea y Vegetariana;Comida para llevar y servicio de mesa;Apto para vegetarianos, opciones veganas y opciones sin gluten 
PastaPazza;No tiene;Restaurante;Gama media;Av. Los Conquistadores 2248 Providencia, Santiago 8320000 Chile;Providencia;4,6;#50 de 245 restaurants en Providencia;Italiana;Comida para llevar, entrega a domicilio y servicio de mesa;Apto para vegetarianos y opciones veganas
Mamma Lucia;No tiene;Cafetería;Gama media;Av. Chicureo 3100 Strip Center Valle Hermoso, Colina, local 15, Santiago 8320000 Chile;;3,6;#84 de 338 lugares de café y té en Santiago;Café;Comida para llevar y servicio de mesa;Apto para vegetarianos y opciones veganas
156. Espacio Rest;Rest es un lugar para hacer una pausa en la ciudad, comer tranquilo y sano todos los días.;Restaurante;Gama media;San Ignacio De Loyola 30, Santiago 8330180 Chile;Santiago;4,6;#914 de 3.950 restaurantes en Santiago;Fusión y saludable;Comida para llevar y servicio de mesa;Apto para vegetarianos y opciones veganas 
Tempura Japanese and Thai;No tiene;Restaurante;Gama media;avda pdte kennedy 5413 pque Arauco, Santiago Chile;Las Condes ;3,9;#326 de 3.950 restaurantes en Santiago;Japonesa y Thai;Servicio de mesa;Apto para vegetarianos, opciones veganas y opciones sin gluten
El Taller;No tiene;Cafetería;Gama media;Avenida Providencia 1467, Santiago 7500564 Chile;Providencia;4,3;N.º 17 de 338 lugares de café y té en Santiago;Café y Postres;Comida para llevar, entrega a domicilio y servicio de mesa;Apto para vegetarianos y opciones veganas
Take a Wok;No tiene;Restaurante;Económico;Avenida Andres Bello 2447 Mall Costanera Center, Santiago 7510689 Chile;Providencia;3,8;#534 de 3.950 restaurantes en Santiago;Asiática y Comida rápida;Comida para llevar, entrega a domicilio y servicio de mesa;Apto para vegetarianos
Margó Gourmet;No tiene;Restaurante;Gama media;Isidora Goyenechea 3000 S-101 Plaza Perú, Santiago 7550653 Chile;Las Condes ;3,8;#764 de 3.950 restaurantes en Santiago;Internacional;Comida para llevar, entrega a domicilio y servicio de mesa;Apto para vegetarianos, opciones veganas y opciones sin gluten
Callejon Thai;No tiene;Restaurante;Gama media;Pedro Aguirre Cerda #50;La Cisterna;4,6;#682 de 3.950 restaurantes en Santiago;Thai;Servicio de mesa;Apto para vegetarianos y  opciones veganas 
Everyday;No tiene;Restaurante;Gama media;Santa Magdalena,134, Santiago Chile;Providencia;4,2;#613 de 3.950 restaurantes en Santiago;China y Japonesa;Servicio de mesa;Apto para vegetarianos y opciones veganas
148. Casa Cousiño;Restaurante Sandwichería ubicado en el centro de Santiago. Un oasis para descansar del ajetreo y bullicio de la capital y disfrutar de una excelente atención y sabores. Venga y disfrute de nuestras exquisitas hamburguesas caseras y deliciosos zumos naturales de frutas.;Restaurante;Económico;Huerfanos 1460 Intendente Cousiño 263, Santiago 8340431 Chile;Santiago;4,4;#779 de 3.950 restaurantes en Santiago;Saludable;Servicio de mesa;Apto para vegetarianos y opciones veganas
Puelo Cafe;No tiene;Restaurante y cafetería;Gama media;Las Catalpas 1522, 7630578 Santiago, Vitacura, Región Metropolitana;Vitacura;3,8;#917 de 3.950 restaurantes en Santiago;Café;Servicio de mesa;Opciones veganas
Dónde el Nano Sandwichería;Los mejores sandwichs de la vega central y sus alrededores.;Restaurante;Económico;Antonia lopez de Bello 743 Local 235, Santiago Chile;Recoleta;4,6;#767 de 3.950 restaurantes en Santiago;Comida rápida;Comida para llevar;Opciones veganas
De Botto Al Cafe;No tiene;Restaurante y cafetería;Gama media;Macul 2620, Santiago Chile;Macul;4,5;#662 de 3.950 restaurantes en Santiago;Café;Servicio de mesa;Apto para vegetarianos y opciones veganas
Patagonia Schokoland;La casa del chocolate y cafetería ambientada como una casa del sur, muy acogedora. Toda la magia del sur en Santiago. Carta muy variada en sabores, helados artesanales, churros, chocolates, pastelería sureña, cafés tradicionales y especiales y agua de lluvia de Valdivia. Además durante la semana tenemos un menú patagónico, siempre con un toque regional, ensaladas y sándwiches.;Cafetería;Gama media;Av. Francisco Bilbao 2512 Las Condes, entre calles Roger de Flor y Don Carlos, Santiago 7760000 Chile;Las Condes ;4;#59 de 153 postres en Santiago;Café y Postres;Comida para llevar, entrega a domicilio;Apto para vegetarianos y opciones veganas 
Restaurant Polen;POLEN restaurant and meeting place for diffusion of healthy food. Las Urbinas 53 Local 70J , Drugstore Providencia, Santiago , Chile;Restaurante;Gama media;Las Urbinas 53, Santiago 7510093 Chile;Providencia;4,6;#437 de 3.950 restaurantes en Santiago;Casera y Vegetariana;Comida para llevar, Servicio de mesa;Apto para vegetarianos, opciones veganas y opciones sin gluten 
Hocha;No tiene;Restaurante;Gama media;Av. Nueva Providencia 1346, 7500589 Providencia, Región Metropolitana;Providencia;3,5;#891 de 3.950 restaurantes en Santiago;Asiática y Taiwanesa;Comida para llevar, entrega a domicilio y servicio de mesa;Apto para vegetarianos y opciones veganas
Cassis Los Dominicos;No tiene;Restaurante y cafetería;Gama media;Av. Padre Hurtado Sur 875, 7571626 Las Condes, Región Metropolitana;Las Condes ;3,5;#1.061 de 3.950 restaurantes en Santiago;Café y Chilena;Comida para llevar, entrega a domicilio y servicio de mesa;Apto para vegetarianos y opciones veganas
Papelón Sabroso;Restaurante familiar que ofrece platos típicos venezolanos. Arepas, cachapas, empanadas y pabellón criollo son nuestra especialidad en Papelón. Disfrútelos con nuestra bebida favorita: ¡papelón con limón! Ofrecemos platos para servir y para llevar. También contamos con servicio a domicilio de lunes a viernes, de 16:00 a 20:00 h.;Restaurante;Económico;Dentro de la plaza, del lado de - Av. Providencia 1669, 7500540 Providencia, Región Metropolitana;Providencia;4,3;#423 de 3.950 restaurantes en Santiago;Caribeña y Latina;Comida para llevar, entrega a domicilio y servicio de mesa;Opciones veganas
El Chancho Seis;Vegan Vegetarian Food;Restaurante y Bar;Gama media;Huerfanos 3025 Santiago Centro, Santiago Chile;Santiago;4;#855 de 3.950 restaurantes en Santiago;Bar;Servicio de mesa;Apto para vegetarianos y opciones veganas
La Fábrica Gourmet;No tiene;Restaurante;Gama media;Pérez Valenzuela, 1687, Santiago 8320000 Chile;Providencia;4,1;#492 de 3.950 restaurantes en Santiago;Café y Postres;Entrega a domicilio y Servicio de mesa;Apto para vegetarianos y opciones veganas
Pizzeria Tio Tomate;No tiene;Restaurante;Gama media;Avenida Italia 975, Santiago 7501184 Chile;Providencia;3,9;#253 de 3.950 restaurantes en Santiago;Italiana;Comida para llevar, entrega a domicilio y servicio de mesa;Apto para vegetarianos y opciones veganas
La Casa de La gata Horacia;"La Casa de la Gata Horacia es el primer centro integral para amantes de los gatos en Sudamérica. No busca emular lugares similares en el mundo; al contrario, es un espacio que busca contribuir a los valores del respeto animal en una sociedad que no los considera iguales. La Casa de la Gata Horaria es una cafetería vegetariana donde los gatos rescatados por la Fundación Adopta son sus anfitriones. Son gatos que han vivido en el abandono, pero hoy disfrutan de la comodidad de una casa diseñada especialmente para ellos. Son tus compañeros cuando vas a comer. Se acuestan en tus piernas o te observan desde los diversos juegos que se desarrollan en el lugar. También te acompañan en clases de yoga. Te esperamos para que seas parte de esta experiencia.";Restaurante y cafetería;Gama media;Julio Prado 765 Julio prado con, Dr. Torres Boonen, 7501072 Providencia, Región Metropolitana;Providencia;4,2;#765 of 3.950 restaurantes en Santiago;Café, Postres y Saludable;Servicio de mesa;Apto para vegetarianos y opciones veganas 
Govindas Restaurant Vegetariano;"Casero, Vegano. sin huevo, nada de incómodos momentos de “¿esto tiene pescado?” “el pollo no es carne”. No te preocupes. Más de 15 años poniendo tu corazón muy feliz!
 Govindas es una familia muy bella que cada día crece mas en Santiago, nuestra visión/misión es mostrar la culinaria vegetariana y vegana de la forma mas práctica. Enseñamos a la comunidad la forma en como ellos mismos pueden hacer s";Restaurante;Económico;Avenida Ricardo Cumming 643, Santiago 8340300 Chile;Santiago;4,7;#690 de 3.950 restaurantes en Santiago;India y Chilena;Servicio de mesa;Apto para vegetarianos y opciones veganas
Sátvico;CAFETERÍA Y TETERÍA DE ESPECIALIDAD Trabajamos con nuestro propio café, gracias a eso, podemos ofrecer un café recién tostado con los más altos estándares de calidad. Además puedes disfrutar de nuestras doce variedades de tés orgánicos en teteras servidos en la temperatura perfecta. COCINA Ofrecemos una carta lacto-vegetariana con opciones veganas y omniboras. Pizzas, Ensaladas, Sandwich, Prensados, Carpacho de Salmón, Provoletas, Quesadillas, Ceviche de Champiñón y más! PASTELERÍA BELGA Toda la pastelería corresponde a la interpretación de recetas europeas y belgas fabricada con materia prima importada. Tortas, Cinnamon Roll, Volcán Belga, Muffins, Waffles y mucho más podrás disfrutar a toda hora! PRODUCTOS LIBRES Ahora todos podemos disfrutar de la comida rica y sana sin Gluten y TACC, Libre de Leche, caseína, lactosa, soya, huevo, frutos secos, maní y colorantes en Cupcakes, Brownies, Galletas y Pan de Linaza con que preparamos los exquisitos Montaditos! También puedes disfrutar de Leches de Almendra fresca con la que tenemos diversas preparaciones en cafetería además de poder adquirirla para llevar! Consulta por disponibilidad o inscripciones mensuales. BOUTIQUE Y ALMACÉN Sátvico Boutique ofrece una amplia gama de productos hechos a mano en su mayoría. Vestuario Mujer, Hombre, Niño y Bebe, Joyería, Papelería y Decoración, son algunas de las cosas que podrás encontrar. En Almacén tenemos productos gourmet para llevar como los Pepinos By María, Amma Ghee y mucho más! INSTALACIONES Disfruta con toda tu familia en Sátvico. Tenemos un entretenido sector niños pensado para ellos donde podrán pintar y leer libros. Puedes mudar a tus hijos en los baños (hombre y mujer) y sentarlos a la mesa en bellas sillas de madera! Si vienes con tu mascota, tenemos un sector y un menú pensado para ellas. CAFÉ CONCERT Que mejor que terminar la semana pasándolo bien, te esperamos los domingos a disfrutar de la mejor selección de música en vivo que tenemos para ti. Ideal para venir con toda la familia, amigos, pareja, etc. ESTACIONAMIENTO DE BICICLETAS Si vienes en bicicleta, tenemos un estacionamiento especial para ti. El Taller Blanco nos facilita sus instalaciones para que puedas estar más a gusto a la hora de estacionar a tu compañera de viajes. Sólo acércate a cualquiera de nosotros y te ayudaremos enseguida!;Restaurante;Gama media;Echeñique 4844, Ñuñoa El Taller Blanco, Santiago 7790389 Chile;Ñuñoa;4,6;#823 de 3.950 restaurantes en Santiago;Pizzería y Café;Servicio de mesa;Apto para vegetarianos y opciones veganas
Super Delicious;No tiene;Restaurante;Gama media;Avenida Apoquindo, 3910, Santiago 8320000 Chile;Las Condes ;3,7;#1.121 de 3.950 restaurantes en Santiago;Café;Comida para llevar;Apto para vegetarianos y opciones veganas
Harina Gourmet;No tiene;Restaurante;Gama media;Geronimo de Alderete 1595, Santiago 8320000 Chile;Vitacura;4,5;#32 de 153 postres en Santiago;Italiana y postres;Comida para llevar;Opciones veganas y opciones sin gluten 
PezToro Providencia;Ven a vivir la experiencia de viajar a traves de los sabores...;Restaurante;Gama media;Guardia Vieja 156, Providencia, Santiago Con intersección Calle Diego de Velasquez, Santiago Chile;Providencia;4,1;#546 de 3.950 restaurantes en Santiago;Contemporánea y Vegetariana;Comida para llevar y servicio de mesa;Opciones veganas
Palacio Danubio Azul;El Mejor Restaurant Chino - Americano de la Ciudad...;Restaurante;Más caro;Reyes Lavalle 3240 Near Metro El Golf - Las Condes, Santiago 7550142 Chile;Las Condes ;4,1;#300 de 3.950 restaurantes en Santiago;China y Asiática;Comida para llevar, entrega a domicilio y servicio de mesa;Apto para vegetarianos, opciones veganas y opciones sin gluten
La Mafia Pizzería;Pizzería con el más puro estilo italiano! Llévate tu trozo de pizza con los mejores ingredientes importados!;Restaurante;Económico;Avenida Manuel Montt 183 Local 2 Providencia, Santiago 7500599 Chile;Providencia;4,2;#16 de 82 tentempiés en Santiago;Pizzería;Comida para llevar y entrega a domicilio;Apto para vegetarianos y opciones veganas
Los Insaciables Ristorante;"Pizza y pasta, cocina italiana. 14 tipos de pizza, deliciosas. Puedes optar por el sistema de ""come todo lo que puedas"".";Restaurante;Gama media;Padre Alfredo Arteaga Barros 1831, Santiago 7690000 Chile;Lo Barnechea;3,9;#200 de 3.950 restaurantes en Santiago;Italiana y Pizzería;Servicio de mesa;Apto para vegetarianos y opciones veganas
Glück RestoBar;No tiene;Restaurante y Bar;Gama media;Irarrázaval 689, Santiago Chile;Ñuñoa;5;#27 de 101 bares y pubs en Santiago;Bar;Servicio de mesa;Apto para vegetarianos y opciones veganas
Sukine;No tiene;Restaurante;Económico;Antonia López de Bello 244 Barrio Bellavista, Santiago 8320000 Chile;Santiago;4,2;#263 de 3.950 restaurantes en Santiago;Asiática y Coreana;Comida para llevar y servicio de mesa;Apto para vegetarianos y opciones veganas
California Cantina;CALIFORNIA CANTINA: * Horario apertura: LUN a VIE 16:00 hrs / SAB-DOM 13:00 hrs * Happy Hour 7 Días a La Semana * Starters, Flatbread Pizzas, Ensaladas, Burritos, Tacos y Quesadillas Mexicanas, Increíbles Hamburguesas * Abierto para Almuerzos Sábados y Domingos (desde 13:00hrs) * 12 Variedades de Schop, Cocktails & Mojitos exclusivos, Vinos Chilenos * Fútbol Nacional e Internacional, NFL - NCAA - NBA - MLB - NHL * Diferentes Ambientes, Terrazas en Primer y Segundo Piso * Música en vivo y Dj's * Nuestro objetivo es hacerte sentir como en casa, acompañado de excelente comida y servicio.;Restaurante y Bar;Gama media;Las Urbinas 44/56, Santiago 8320000 Chile;Providencia;3,8;#202 de 3.950 restaurantes en Santiago;Bar;Servicio de mesa;Apto para vegetarianos y opciones veganas
Roberta Restobar;En el Barrio Italia, conocido por sus tiendas de diseño, se encuentra Roberta Restobar, un bar restaurante con una gran terraza interior, rodeada de plantas. Ven a disfrutar nuestros platos y piquéos acompañando de un rico trago en un ambiente agradable con la mejor música.;Restaurante y Bar;Gama media;Condell 1315, Providencia, Santiago 7500000 Chile;Providencia;3,9;#550 de 3.950 restaurantes en Santiago;Bar;Servicio de mesa;Opciones veganas
Mestizaje;No tiene;Restaurante y Cafetería;Gama media;Avenida Vitacura 3187, Santiago Chile;Vitacura;4,5;N.º 12 de 338 lugares de café y té en Santiago;Francesa y Panadería;Comida para llevar y servicio de mesa;Apto para vegetarianos y opciones veganas
Bocacalle;No tiene;Restaurante y Bar;Gama media;Dr. Manuel Barros Borgoño 81 Barrio Manuel Montt, Santiago 7500000 Chile;Providencia;4,5;#28 de 101 bares y pubs en Santiago;Bar;Servicio de mesa;Apto para vegetarianos y opciones veganas
Vapiano Pedro de Valdivia;¡Bienvenido a VAPIANO! En VAPIANO, disfruta de pasta fresca, pizza, antipasti, ensalada, risotto o nuestros dolci en un ambiente mediterráneo. Nuestros Vapiansiti preparan tu plato favorito fresco, justo delante de tus ojos, especialmente para ti. Con carne extra, vegetariano o vegano, tus preferencias personales se respetan durante la preparación. ¡Frescura absoluta que garantiza un sabor excepcional!;Restaurante;Gama media;Av. Providencia 1984, 7500000 Providencia, Región Metropolitana;Providencia ;3,6;#582 de 3.950 restaurantes en Santiago;Pizzería;Comida para llevar, entrega a domicilio y servicio de mesa;Apto para vegetarianos y  opciones veganas 
Café Montenegro;"Café Montenegro es una acogedora cafetería de barrio.
Nos mueve la pasión por la cocina, es por eso que nos preocupamos que todo lo que ofrecemos sea de primer nivel. Café italiano, tés orgánicos, exquisita pastelería, sandwichs gourmets, además de ricos almuerzos de lunes a lunes, creados por nuestro Chef. Los esperamos con buena música, rica terraza, cicletero, WIFI y Aire Acondicionado.";Cafetería;Económico;Batlle y Ordonez 4385 Nunoa, Santiago 8320000 Chile;Ñuñoa;3,8;#518 de 3.950 restaurantes en Santiago;Café;Comida para llevar, entrega a domicilio y servicio de mesa;Apto para vegetarianos y opciones veganas
Tasty Beat;Tasty Beat es una alternativa rápida, fresca y natural para tu alimentación de cada día. Somos un concepto nuevo en alimentación desarrollado por personas a las que realmente les apasiona la comida y lo que hacen.;Restaurante;Gama media;Magdalena 181, Santiago 8320000 Chile;Las Condes ;4,1;#912 de 3.950 restaurantes en Santiago;Café e Internacional;Comida para llevar;Apto para vegetarianos y opciones veganas
Oculto Beergarden;No tiene;Restaurante;Gama media;Gral. Salvo 38, 7500 669, 7500669 Providencia, Región Metropolitana;Providencia;4,4;#401 de 3.950 restaurantes en Santiago;Bar;Comida para llevar y servicio de mesa;Apto para vegetarianos y  opciones veganas 
Qb Restaurant & Bar;"QB Restaurant se encuentra en una ""esquina simpática"" que, a través de su estilo de comida, invita a disfrutar de un grato ambiente. Un lugar para ir todos los días.";Restaurante y Bar;Gama media;Av. Vitacura 2727 DoubleTree by Hilton Hotel Santiago - Vitacura, Santiago 7550690 Chile;Vitacura;4,1;#211 de 3.950 restaurantes en Santiago;Internacional y Vegetariana;Servicio de mesa;Apto para vegetarianos y opciones veganas
Sushi Sesamo;"
Con una visión moderna y una propuesta creativa en la cocina japonesa, Sushi Sesame se inauguró en agosto de 2001, combinando los elementos esenciales de la cultura oriental con la sofisticación occidental. En un ambiente minimalista, luminoso y moderno, creamos un ambiente agradable y acogedor, que se complementa con la calidez de nuestra atención y la exclusividad de nuestros platos.";Restaurante;Más caro;Lo Marcoleta # 261, Quilicura 22, 6277625 Santiago, Región Metropolitana;Santiago;4,8;#571 de 3.950 restaurantes en Santiago;Bar y Japonesa;Comida para llevar, entrega a domicilio y servicio de mesa;Apto para vegetarianos y opciones veganas
Centro Gastronomico Borderío;No tiene;Restaurante;Gama media;Costanera Sur S.J.E. de Balaguer 6400, 7640859 Vitacura, Región Metropolitana;Vitacura;4,3;#453 de 3.950 restaurantes en Santiago;Japonesa y Mariscos;Comida para llevar y servicio de mesa;Opciones veganas y opciones sin gluten
Pícara Pájara Pizzería;We make our pizzas with fresh ingredients and love.;Restaurante;Económico;Octava Avenida 1201 San Miguel, Santiago 8920441 Chile;San Miguel;4,8;#465 de 3.950 restaurantes en Santiago;Pizzería;Comida para llevar y servicio de mesa;Apto para vegetarianos y opciones veganas
Himalaya Comida India;No tiene;Restaurante;Más caro;Irarrázaval 1820, Santiago 7750000 Chile;Ñuñoa;4,2;#370 de 3.950 restaurantes en Santiago;India;Comida para llevar, entrega a domicilio y servicio de mesa;Apto para vegetarianos y opciones veganas
Green Pizza;No tiene;Restaurante;Gama media;Av. La Dehesa 3265, 7700239 Santiago, Lo Barnechea, Región Metropolitana;Lo Barnechea;4,7;#319 de 3.950 restaurantes en Santiago;Pizzería e Italiana;Comida para llevar, entrega a domicilio y servicio de mesa;Apto para vegetarianos y opciones veganas 
Curry & Kabab;No tiene;Restaurante;Gama media;General Holley 2368, Santiago 7510019 Chile;Providencia;4,3;#457 de 3.950 restaurantes en Santiago;India;Comida para llevar, entrega a domicilio y servicio de mesa;Apto para vegetarianos, opciones veganas y opciones sin gluten
Habia Una Vez;No tiene;Cafetería;Gama media;Antonia López de Bello 307, 8420411 Recoleta, Región Metropolitana;Recoleta;4,4;#10 de 338 lugares de café y té en Santiago;Café y Postres;Comida para llevar y servicio de mesa;Apto para vegetarianos, opciones veganas y opciones sin gluten 
Café de la Candelaria;Aquí encontrará café de especialidad con productos gourmet de producción propia que destacan en el mercado por su calidad y presentación. Pasteles, tartas de queso, kuchen, galletas, sándwiches con nuestro delicioso pan, ensaladas, opciones vegetarianas, sin harina, sin azúcar, desayunos, almuerzos, onces y snacks. Vinos, cervezas, espumosos, jugos naturales y helados. Un lugar increíble donde podrá vivir una experiencia inolvidable.;Cafetería;Gama media;Av. Italia 1449, 7501464 Providencia, Región Metropolitana;Providencia;3,7;#22 de 338 lugares de café y té en Santiago;Café y Chilena;Comida para llevar y servicio de mesa;Apto para vegetarianos y  opciones veganas 
Café Forestal;No tiene;Cafetería;Gama media;Ismael Valdes Vergara 490 Barrio Bellas Artes, Santiago 8320075 Chile;Santiago;4,8;N.º 9 de 338 lugares de café y té en Santiago;Café;Comida para llevar y servicio de mesa;Opciones veganas
Verace;Lugar ideal para comer verdaderas pizzas a la piedra y helados 100% artesanales.;Restaurante;Gama media;Jose Miguel de La Barra 486, Santiago 8320110 Chile;Santiago;4,1;#377 de 3.950 restaurantes en Santiago;Pizzería e Italiana;Comida para llevar, entrega a domicilio y servicio de mesa;Opciones veganas
Pardeshi Tadka;Pequeño restaurante indio con cocina casera. Usamos especias auténticas y enteras, sin colorantes, y preparamos todo artesanalmente.;Restaurante;Económico;Holanda 067 Local 103, Santiago Chile;Providencia;4,8;#355 de 3.950 restaurantes en Santiago;India;Servicio de mesa;Apto para vegetarianos y  opciones veganas 
Thai Express;No tiene;Restaurante;Económico;Merced 483, Santiago 8320000 Chile;Santiago;4;#7 de 82 tentempiés en Santiago;Thai;Comida para llevar, entrega a domicilio y servicio de mesa;Apto para vegetarianos y opciones veganas
Vegan Bunker;No tiene;Restaurante;Gama media;Fresia 529, Santiago 8320000 Chile;Providencia ;4;#418 de 3.950 restaurantes en Santiago;Vegetariana;Servicio de mesa;Apto para vegetarianos, opciones veganas y opciones sin gluten
La Pizza Nostra;No tiene;Restaurante;Gama media;Avenida Providencia 1975, Santiago 22318941 Chile;Providencia;3,9;#173 de 3.950 restaurantes en Santiago;Pizzería;Comida para llevar, entrega a domicilio y servicio de mesa;Apto para vegetarianos y  opciones veganas
Rooftop Bar The Singular;With a privileged view of the San Cristobal hill and a bar with 115 liquors to choose from, our Rooftop Bar is considered one of the best terraces in Santiago. Focused on preparing signature drinks, our team of bartenders takes care of every detail to make time spent in this space something special and unique. Rooftop Bar The Singular Santiago is not subject to reservations. Attention in order of arrival and availability.;Bar;Más caro;Merced 294 The Singular Hotels, Barrio Lastarria, Santiago 8320128 Chile;Santiago;4,5;#139 de 3.950 restaurantes en Santiago;Bar y Vegetariana;Servicio de mesa;Apto para vegetarianos y opciones veganas
Amadeus;"Somos un cafe bar  bistro
especialistas en cervezas del mundo 
y vinos de Chile ofrecemos excelentes maridajes 
somos una experiencia culinaria 
visitanos en Santiago de chile";Restaurante;Gama media;Avenida General Bustamante 50, Santiago 7500776 Chile;Santiago;4;#341 de 3.950 restaurantes en Santiago;Pizzería;Comida para llevar, entrega a domicilio y servicio de mesa;Apto para vegetarianos y opciones veganas
Jardín Mallinkrodt;No tiene;Restaurante;Gama media;Mallinkrodt 170, Santiago 7520362 Chile;Providencia ;4;#229 de 3.950 restaurantes en Santiago;Bar;Comida para llevar, entrega a domicilio y servicio de mesa;Apto para vegetarianos y opciones veganas
Thai Isan;No tiene;Restaurante;Económico;Huerfanos 2460, Santiago Chile;Santiago;4,4;#360 de 3.950 restaurantes en Santiago;Thai;Comida para llevar y servicio de mesa;Apto para vegetarianos y opciones veganas
Aldea Nativa;No tiene;Restaurante;Gama media;Avenida Tobalaba 1799, Santiago 7510447 Chile;Providencia;4;#483 de 3.950 restaurantes en Santiago;Saludable y vegetariana;Servicio en mesa;Apto para vegetarianos, opciones veganas y opciones sin gluten 
Blue Jar;Blue Jar es un restaurant y café que sirve comida estacional de influencias diversas. Ofrece café de especialidad desde las 8 AM y sándwiches y happy hour en la tarde. Realiza eventos especiales y una cena con platos que no están en la carta los primeros jueves de cada mes. Su carta de vinos tiene viñas nacionales de producción sustentable. Su bakery es de elaboración propia.;Restaurante;Gama media;Profesora Amanda Labarca, 102, Santiago Chile;Santiago;4,4;#221 de 3.950 restaurantes en Santiago;Internacional y Vegetariana;Comida para llevar, entrega a domicilio y servicio de mesa;Apto para vegetarianos, opciones veganas y opciones sin gluten
Bao Bar;No tiene;Restaurante y Bar;Gama media;Av. Manuel Montt 925, Santiago 7500981 Chile;Providencia ;4,6;#244 de 3.950 restaurantes en Santiago;Bar y Asiática;Servicio de mesa;Apto para vegetarianos y opciones veganas
Route 66;OUR ROUTE Nuestra misión es ofrecer en cada visita lo mejor de la gastronomía americana e internacional con el compromiso de calidad que caracteriza a Route 66. Vive la auténtica experiencia de Route 66……Restaurant, Bar & Pastries!!!;Restaurante y Bar;Gama media;Isidora Goyenechea 2960 esquina San Sebastian, Santiago 7550057 Chile;Las Condes ;4,2;#150 de 3.950 restaurantes en Santiago;Bar y Americana;Comida para llevar, entrega a domicilio y servicio de mesa;Apto para vegetarianos, opciones veganas y opciones sin gluten
Pad Thai;No tiene;Restaurante;Gama media;Av Manuel Montt 231, Santiago Chile;Providencia;4,2;#270 de 3.950 restaurantes en Santiago;Thai;Comida para llevar, entrega a domicilio y servicio de mesa;Apto para vegetarianos, opciones veganas y opciones sin gluten
 El Árbol Restaurant;"El Árbol es un restaurant Vegetariano y Vegano que busca generar una opción gastronómica y nutricional que apoye el ""no consumo"" de carne y la ""disminución del consumo"" de lácteos y sus derivados.";Restaurante;Gama media;Huelén 74 Providencia, Santiago 8320000 Chile;Providencia ;4,3;#312 de 3.950 restaurantes en Santiago;Saludable y vegetariana;Comida para llevar, entrega a domicilio y servicio de mesa;Apto para vegetarianos, opciones veganas y opciones sin gluten
Croq Délice;Te esperamos en nuestra cafeteria y creperia francesa, desde el desayuno hasta la cena. Tenemos café de especialidad, chocolate caliente, los mejores Croques hecho con nuestro pan casero, los crêpes estan hechas con harina integral;Restaurante;Económico;Merced 537, Santiago Chile;Santiago;4,9;#251 de 3.950 restaurantes en Santiago;Francesa y  vegetariana;Comida para llevar, entrega a domicilio y servicio de mesa;Apto para vegetarianos y opciones veganas
Tea Connection;No tiene;;Gama media;Avenida Pedro de Valdivia 0129, Santiago Chile;Providencia;4,2;#241 de 3.950 restaurantes en Santiago;Café y Saludable;Comida para llevar, entrega a domicilio y servicio de mesa;Apto para vegetarianos, opciones veganas y opciones sin gluten
Vapiano Parque Arauco;Welcome to VAPIANO! At VAPIANO you enjoy fresh pasta, pizza, antipasti, salad, risotto or our dolci in mediterranean atmosphere. Our Vapiansiti prepare your favourite dish fresh in front of your eyes, especially for you. Extra meat, vegetarian or vegan, your personal preferences are respected during the preparation of the dish. Uncompromised freshness guarantees exceptional taste!;Restaurante;Gama media;Avenida Presidente Kennedy 5413 CC Parque Arauco, Local 393, Santiago 7560994 Chile;Las Condes ;4,2;#238 de 3.950 restaurantes en Santiago;Pizzería;Comida para llevar, entrega a domicilio y servicio de mesa;Apto para vegetarianos, opciones veganas y opciones sin gluten
Mulato;No tiene;Restaurante;Gama media;Jose Victorino Lastarria 307, Santiago 8320126 Chile;Santiago;4,3;#113 de 3.950 restaurantes en Santiago;Latina y Mariscos;Comida para llevar y servicio de mesa;Apto para vegetarianos y opciones veganas
Giratorio Restaurant;No tiene;Restaurante;Económico;Av. Nueva Providencia 2250, 7500000 Providencia, Región Metropolitana;Providencia;4,1;#102 de 3.950 restaurantes en Santiago;Latina y Mariscos;Servicio de mesa;Apto para vegetarianos y  opciones veganas
Trattoria Rita;"
El mejor Restaurante Italiano de Santiago. Ensaladas, pastas y pizzas. En el Boulevard Parque Arauco y Mirador del Alto Las Condes";Restaurante;Gama media;Avenida Presidente Kennedy 5413, Santiago 7550000 Chile;Las Condes ;4,3;#120 de 3.950 restaurantes en Santiago;Italiana y Vegetariana;Comida para llevar, entrega a domicilio y servicio de mesa;Apto para vegetarianos y  opciones veganas
El Naturista;No tiene;Restaurante;Gama media;Moneda 846, Santiago Chile;Santiago;4,1;#260 de 3.950 restaurantes en Santiago;Saludable y Chilena;Comida para llevar y servicio de mesa;Apto para vegetarianos, opciones veganas y opciones sin gluten
Ruca Bar;"Ruca Bar estará cerrado por vacaciones de Navidad desde el día 24 de Diciembre hasta el día 2 de Enero incluido. Disculpen las molestias.

Ruca Bar es un nuevo concepto auto definido como ""Bar de Tapas Gourmet"" y está ubicado en el corazón del emergente Barrio Italia. 

La propuesta del Ruca Bar consiste en fusionar varios conceptos clave con el fin de entregar una experiencia única al cliente: ambiente internacional, fomentado por su staff (principalmente europeos de diferentes nacionalidades); la fusión del concepto de las ""tapas"" tradicionales españolas con lo contemporáneo y gourmet acompañado de una excelente selección de cócteles, tragos y vinos a un precio muy asequible; y la excelencia en el servicio. Queremos romper con el típico concepto tradicional de restaurante o bar, separándo lo gourmet de lo formal y caro, creando un ambiente distendido de bar informal en el que se puede disfrutar de la gente y de la música, pero comiendo y bebiendo como en uno de los mejores restaurantes y barras de Santiago.

Como el nombre indica, queremos que nuestros clientes se sientan como en casa. Les damos la bienvenida a nuestra Ruca.";Bar;Gama media;Avenida Condell 868, Santiago 7500000 Chile;Providencia;4,4;#8 de 101 bares y pubs en Santiago;Bar e Internacional;Comida para llevar y servicio de mesa;Apto para vegetarianos y opciones veganas
La Yunta, Sándwich & Bar;En La Yunta Sandwich & Bar tenemos comida chilena. Rica y deliciosa. Norte, sur, cordillera y costa. Ingredientes de origen, de todos los lugares, de todas las historias. ¡Viaja por Chile a través de sus sabores! Todas nuestras sucursales: Av. Manuel Montt 748, Porvidencia - Av. El Bosque Central 18, Las Condes - Av. Tabancura 1344, Vitacura;Restaurante y Bar;Gama media;Manuel Montt 748, 7500977 Providencia, Región Metropolitana;Providencia;4,4;#146 de 3.950 restaurantes en Santiago;Bar y Chilena;Comida para llevar, entrega a domicilio y servicio de mesa;Apto para vegetarianos y  opciones veganas
Malasaña;This is a small neighborhood tavern that offers a range of beers, draft and bottled. It is know for their tradicional Spanish ambiance and their amazing burgers. They also have tapas, tortillas and croquetas that will make you feel in Madrid.;Restaurante;Gama media;Argomedo 60, Santiago 8330398 Chile;Santiago;4,4;#209 de 3.950 restaurantes en Santiago;Española y Bar;Comida para llevar y servicio de mesa;Apto para vegetarianos y opciones veganas
Tacu Tacu Providencia;No tiene;Restaurante y Bar;Gama media;Av. Andrés Bello 2233, Local 2217, 7510056 Providencia, Región Metropolitana;Providencia;4,8;#194 de 3.950 restaurantes en Santiago;Peruana y Latina;Comida para llevar, entrega a domicilio y servicio de mesa;Opciones veganas
Hansoban Korean Bbq;No tiene;Restaurante;Gama media;Rio de Janeiro 248, Santiago 8420413 Chile;Santiago;4,3;#178 de 3.950 restaurantes en Santiago;Coreana y Asiática;Servicio de mesa;Apto para vegetarianos y  opciones veganas
Romaria;No tiene;Restaurante;Gama media;Av Vitacura 3396 Casa9, Santiago 7630633 Chile;Vitacura;4,6;#149 de 3.950 restaurantes en Santiago;Italiana y Pizzería;Comida para llevar, entrega a domicilio y servicio de mesa;Apto para vegetarianos y opciones veganas
In Pasta;We are a family bussiness from the south of Italy. We are a trattoria. Our specialita is pasta and gelatos.;Restaurante;Gama media;Santa Isabel 0395 Sta Isabel esquina avda Condell. Barrio Italia, Santiago 7501504 Chile;Providencia;4,7;#182 de 3.950 restaurantes en Santiago;Italiana;Comida para llevar, entrega a domicilio y servicio de mesa;Apto para vegetarianos y opciones veganas
Siam Thai;Somos un restaurante de comida tailandesa. Actualmente ubicado en el barrio Italia, fruto de un incendio en nuestra antigua cocina. Muchos viajeros nos recomiendan por ser un lugar acogedor con sabores exquisitos. Nuestras preparaciones y ambiente buscan brindar la mejor experiencia y diferenciarnos de lo que se conoce. Siam Thai, una mezcla de tradición y modernidad. Actualmente estamos a la espera de la patente de alcoholes de la Municipalidad de Providencia (ofrecemos la opción de descorchar) y somos gay friendly.;Restaurante;Gama media;Av. Italia 1139, 7501295 Santiago, Providencia, Región Metropolitana;Providencia;4;#234 de 3.950 restaurantes en Santiago;Thai;Comida para llevar, entrega a domicilio y servicio de mesa;Apto para vegetarianos, opciones veganas y opciones sin gluten 
El Mesón Nerudiano;Notiene;Restaurante;Gama media;Rosal 361 Barrio Lastarria, Santiago 8320144 Chile;Santiago;4,3;#110 de 3.950 restaurantes en Santiago;Latina y Mariscos;Servicio de mesa;Apto para vegetarianos, opciones veganas y opciones sin gluten
VOP;No tiene;Restaurante;Gama media;Augusto Leguia Norte, 224, Santiago 8320000 Chile;Las Condes ;4,5;#269 de 3.950 restaurantes en Santiago;Café y Sopas;Entrega a domicilio y Servicio de mesa;Apto para vegetarianos, opciones veganas y opciones sin gluten
Ootoya - Ramen & Noodles House;No tiene;Restaurante;Gama media;Constitución 125, 7520360 Santiago, Providencia, Región Metropolitana;Providencia;4,6;#186 de 3.950 restaurantes en Santiago;Japonesa y Sushi;Comida para llevar, entrega a domicilio y servicio de mesa;Apto para vegetarianos y  opciones veganas
Piso Uno;En Piso Uno, capturamos la frescura del mar y la riqueza de la tierra para fusionar la mejor cocina peruana y japonesa, una experiencia nikkei inigualable. Cada plato es una obra de arte que combina Desde los sabores más delicados del pescado hasta los cortes más exquisitos de carne. Siempre con los mejores DJs de Santiago y en un ambiente de lujo y sofisticación, te invitamos a vivir una experiencia gastronómica y sensorial única. Bienvenidos a Piso Uno, la verdadera fiesta nikkei;Restaurante;Más caro;Santa Magdalena 116 Pasaje Interior, Santiago 7510057 Chile;Providencia;4,3;#83 de 3.950 restaurantes en Santiago;Peruana y Japonesa;Servicio de mesa;Apto para vegetarianos, opciones veganas y opciones sin gluten 
Sapiens;Sapiens es un restaurante tranquilo ubicado en Avenida Italia 1206, Providencia. Contamos con la combinación de ingredientes más saludable y sabrosa para que tu desayuno, almuerzo y cena sean una experiencia consciente y maravillosa. Todos nuestros productos son 100% vegetales.;Restaurante;Gama media;Av. Italia 1206, 7501297 Santiago, Providencia, Región Metropolitana;Providencia;4,6;#235 de 3.950 restaurantes en Santiago;Saludable y vegetariana;Comida para llevar, entrega a domicilio y servicio de mesa;Apto para vegetarianos, opciones veganas y opciones sin gluten 
Ramen Kintaro;Somos el primer local en Chile dedicado exclusivamente al ramen. Ofrecemos el auténtico ramen japonés con una variedad de sabores, como miso, shio, shoyu, paitan y tonkotsu, entre otros. ¡Sin ramen no hay vida!;Restaurante;Gama media;Monjitas 460, 8320112 Santiago, Región Metropolitana;Santiago;4,2;#119 de 3.950 restaurantes en Santiago;Japonesa y Vegetariana;Servicio de mesa;Apto para vegetarianos, opciones veganas y opciones sin gluten
Le due torri;No tiene;Restaurante;Más caro;Costanera Sur S.J.E. de Balaguer 6400 Vitacura, Santiago 7640859 Chile;Vitacura;4,4;#63 de 3.950 restaurantes en Santiago;Italiana y Bar;Comida para llevar, entrega a domicilio y servicio de mesa;Apto para vegetarianos y  opciones veganas
Restaurant Japon;Ubicado en el corazón de Santiago, nuestro restaurante japonés ofrece una experiencia gastronómica auténtica y sofisticada. En Baron Pierre de Coubertin 39, encontrarás un ambiente acogedor y elegante donde la tradición japonesa se fusiona con ingredientes frescos y de alta calidad.<br /><br />Disfruta de una amplia variedad de platos tradicionales como sushi, sashimi, nigiri, tempura y mucho más, preparados cuidadosamente por chefs expertos. Nuestro compromiso es brindar sabores auténticos que transporten a nuestros comensales directamente a Japón, con un servicio atento y un espacio ideal para compartir momentos especiales.<br /><br />Perfecto para cenas familiares, reuniones de trabajo o celebraciones, nuestro restaurante es un destino imprescindible para los amantes de la cocina japonesa en Santiago.;Restaurante;Gama media;Baron Pierre de Coubertin 39, Santiago 8330021 Chile;Santiago;4,4;#116 de 3.950 restaurantes en Santiago;Japonesa y Sushi;Comida para llevar, entrega a domicilio y servicio de mesa;Apto para vegetarianos, opciones veganas y opciones sin gluten
Meze;Meze es un secreto gastronómico muy bien guardado ubicado en providencia. Llevamos 6 años entregando una variada carta , desde platos vegetarianos, hasta cordero cocinado durante 6 horas , con sabores leales a su cultura , que te transportan a Turquía con solo poner un pie en nuestro restaurante;Restaurante;Gama media;Avenida Manuel Montt 270, Santiago 7500591 Chile;Providencia ;4,2;#129 de 3.950 restaurantes en Santiago;Turca;Comida para llevar y servicio de mesa;Apto para vegetarianos y opciones veganas
Le Due Torri Isidora;No tiene;Restaurante;Gama media;Isidora Goyenechea 2908, 7550033 Las Condes, Región Metropolitana;Las Condes ;4,2;#87 de 3.950 restaurantes en Santiago;Italiana y Bar;Comida para llevar y servicio de mesa;Apto para vegetarianos y  opciones veganas 
Olimpia Fuente de Soda & Pizzería;La pizzeria Olimpia es un bar que esta en la mitad de Providencia, entre el paseo Orrego Luco y Pedro de Valdivia. La especialidad son las pizzas a la piedra, hechas con masa italiana y el mejor queso del mercado. En un par de meses se ha transformado en una de las mejores pizzerias de Santiago. El lugar es muy cálido, se rescataron elementos de la famosa Fuente de Soda Kali, que estuvo por más de 40 años en ese mismo lugar. Cuenta con un terraza que da a la Avenida Providencia y la atención es rápida y personalizada.;Restaurante;Gama media;Providencia 2033, Santiago 7510148 Chile;Providencia;4,5;#133 de 3.950 restaurantes en Santiago;Italiana y Bar;Servicio de mesa;Apto para vegetarianos y opciones veganas
Casa Bosque;Casa Bosque esta inserta en la Pre Cordillera de Los Andes a solo 30 minutos de Santiago. En su original construccion se reciclaron más de 8.500 neumáticos en sus paredes y todo recubierto en adobe. Tiene capacidad para atender 300 personas a la carta y 350 para eventos en general. Cuenta con amplios estacionamientos y personal a cargo.;Restaurante;Gama media;Camino Al Volcan 16829, Santiago Chile;San José De Maipo;4,4;#90 de 3.950 restaurantes en Santiago;Churrasquería y Parrilla;Servicio de mesa;Apto para vegetarianos y opciones veganas
Carrer Nou;No tiene;Restaurante;Gama media;José Miguel Claro 1802, Santiago Chile;Providencia;4,5;#59 de 3.950 restaurantes en Santiago;Mediterránea y Española;Comida para llevar, entrega a domicilio y servicio de mesa;Apto para vegetarianos, opciones veganas y opciones sin gluten
Swagat Indian Restaurant;Located in the heart of Santigo. we specialize in the Mughlai and North Indian Cuisine which is prepared with the use of exotic spices. Swagat is contemporary restaurant offering exceptional dining experience;Restaurante;Gama media;Blas Cañas 473 Esquina Carmen a 3 cuadras de metro Sta Lucia, Santiago 7500000 Chile;Santiago;4,9;#183 de 3.950 restaurantes en Santiago;India;Comida para llevar, entrega a domicilio y servicio de mesa;Apto para vegetarianos, opciones veganas y opciones sin gluten
Naoki;No tiene;Restaurante;Más caro;Avenida Vitacura 3875, Santiago 7630000 Chile;Vitacura;4,7;#52 de 3.950 restaurantes en Santiago;Japonesa;Entrega a domicilio y Servicio de mesa;Apto para vegetarianos, opciones veganas y opciones sin gluten
Pinpilinpausha;Pinpilinpausha es un clásico de Santiago, ubicado en uno de sus mejores barrios. Especializado en cocina española, destaca por sus exquisitos pescados y mariscos, preparados con ingredientes frescos y auténticos sabores del Mediterráneo. Su decoración y ambiente acogedor lo convierten en el lugar perfecto para disfrutar de una experiencia gastronómica única. La terraza ofrece un espacio ideal al aire libre, y su destacada coctelería complementa la propuesta con tragos creativos y clásicos. Pinpilinpausha no es solo un restaurante, es un ícono que combina tradición, sabor y excelencia en cada visita;Restaurante;Más caro;Isidora Goyenechea 2900, Santiago 7550033 Chile;Las Condes ;4,5;#62 de 3.950 restaurantes en Santiago;Española;Servicio de mesa;Apto para vegetarianos, opciones veganas y opciones sin gluten
Rivoli;No tiene;Restaurante;Más caro;Nueva De Lyon 77, Santiago 8320000 Chile;Providencia;4,1;#155 de 3.950 restaurantes en Santiago;Italiana;Servicio de mesa;Apto para vegetarianos, opciones veganas y opciones sin gluten
Maniero Pasta e Mare;No tiene;Restaurante;Gama media;Nueva De Lyon 155 Esquina Andrés Bello, local 101, Santiago 7510078 Chile;Providencia;4,7;#131 de 3.950 restaurantes en Santiago;Italiana;Comida para llevar y servicio de mesa;Apto para vegetarianos y opciones veganas
Pizzeria Tiramisu;Tiramisú integra un concepto simple y esencial de la cocina italiana tradicional y rústica. Nuestro concepto, basado en la coherencia de la cultura italiana y las materias primas de las diferentes regiones de Italia, además de la estética del diseño y nuestro énfasis en la atención al cliente, comparte el objetivo de hacer que la experiencia del cliente sea única, todos los días.;Restaurante;Gama media;Isidora Goyenechea 3141, 7550000 Las Condes, Región Metropolitana;Las Condes ;4,4;#89 de 3.950 restaurantes en Santiago;Pizzería, Italiana y Bar;Comida para llevar y servicio de mesa;Apto para vegetarianos y  opciones veganas
Verde Sazon;Cocina vegetariana de autor ubicada en el singular y folclórico Barrio Italia de Santiago. Verde Sazón ofrece una propuesta única de comida vegetariana: inspirada en diversas cocinas del mundo y con los mejores ingredientes locales, cada plato busca reconfortar y sorprender al paladar. Ofrecemos un bar completo, una gran selección de vinos locales, cerveza artesanal de barril, espresso cuidadosamente elaborado y jugos prensados ​​en frío. Terraza al aire libre y exposición de arte local. ¡Visítenos! ¡Salud!;Restaurante;Gama media;Miguel Claro 1873, 7501414 Providencia, Región Metropolitana;Providencia ;4,5;#170 de 3.950 restaurantes en Santiago;Fusión y Vegetariana;Servicio de mesa;Apto para vegetarianos, opciones veganas y opciones sin gluten
44. Le Bistrot de Gaetan;In the heart of Providencia in 2010, Bistromania was born: a simple idea in a welcoming environment mixing old-time gastronomy with the great French classics. By bringing a slice of France to Chile, our goal was to conquer Chilean tastebuds and to take travelling French palates back home with our gourmet dishes in the bistrot style.Gaetan Eonet and his team invite you to their world, a simple space that reminds you of home, to discover or return to those traditional flavors...Welcome and... bon appetit !;Restaurante;Gama media;Santa Magdalena 80 Local 7, Santiago 7500000 Chile;Providencia ;4,6;#56 de 3.950 restaurantes en Santiago;Francesa;Servicio de mesa;Apto para vegetarianos, opciones veganas y opciones sin gluten
El Destape Bar;No tiene;Bar;Gama media;Av Manuel Montt 191, Manuel Montt 195, Santiago, Región Metropolitana;Providencia;4,9;#5 de 101 bares y pubs en Santiago;Bar;Servicio de mesa;Opciones veganas
Majestic;Restaurante Majestic es el restaurante indio más antiguo y prestigioso de Santiago. Nuestros platos, preparados con gran dedicación por nuestro chef indio, han sido premiados por los críticos gastronómicos más importantes de Chile y reconocidos internacionalmente. Lo invitamos a disfrutar de una experiencia única para usted y su familia.;Restaurante;Más caro;5600 Presidente Kennedy Avenue at the corner of Luis Carrera, Santiago 8320000 Chile;Vitacura;4,1;#125 de 3.950 restaurantes en Santiago;India y Vegetariana;Comida para llevar, entrega a domicilio y servicio de mesa;Apto para vegetarianos, opciones veganas y opciones sin gluten 
The Raj Indian Restaurant;Disfruta de lo mejor del sabor de la India En Chile! Somos especialistas en cocina del Sur de la India, también cocinamos lo mejor de la cocina de todo nuestro país. Anímate a venir y no dejes que te lo cuenten;Restaurante;Gama media;Avenida Manuel Montt 1855, Santiago 7501332 Chile;Providencia;4,7;#165 de 3.950 restaurantes en Santiago;India;Comida para llevar y servicio de mesa;Apto para vegetarianos, opciones veganas y opciones sin gluten
Latin Grill;One of the top restaurants in Santiago Chile, the Latin Grill offers locally farmed and sourced meats and fresh Chilean seafood combined with premium Chilean wines. Experience Menu farm to table perfect ambiance quality service.;Restaurante;Más caro;Av. Presidente Kennedy 5741 Dentro del Santiago Marriott Hotel, Santiago 8320000 Chile;Las Condes ;4,7;#46 de 3.950 restaurantes en Santiago;Latina y Mariscos;Servicio de mesa;Apto para vegetarianos, opciones veganas y opciones sin gluten
Café Med;Taste the local flavors of a Santiago, Chile restaurant with modern ambiance that serves everything from all-American breakfast buffet and different lunch buffets daily to Chilean seafood specialties and Mediterranean fare.;Restaurante;Gama media;Av Presidente Kennedy 5741 Santiago Marriott Hotel, Santiago 8320000 Chile;Las Condes ;4,5;#123 de 3.950 restaurantes en Santiago;Internacional y Mediterránea;Servicio de mesa;Apto para vegetarianos, opciones veganas y opciones sin gluten
Peztoro;Mediterranean restaurant, you´ll find from pizzas and pastas to delicious Spanish tapas. Delight yourself with beers from around the world and try our French-style preparations;Restaurante;Gama media;José Victorino Lastarria 70 Local 6, Santiago 8320152 Chile;Santiago;4,1;#70 de 3.950 restaurantes en Santiago;Italiana y Bar;Comida para llevar y servicio de mesa;Apto para vegetarianos, opciones veganas y opciones sin gluten
Bocanáriz;Bocanáriz is a “Meeting Place” for tourists and locals who love wine. We are located in the heart of one of the most beautiful heritage districts of the city. We are a Wine bar and at the same time an innovative Restaurant, where the gastronomy has been designed to enhance the pairing with an extensive selection of wines. Attended by its owners and a trained team of sommeliers, the atmosphere is warm and casual, where the magic of an old restored house and the technology necessary to deliver an excellent service. We are a multicultural team that unites our passion for wine. Our team of sommeliers is oriented to guide you in an “Experience around wine”, telling you the story behind each label and its perfect combination with the flavors of our cuisine. Since our inception, we are focused on being the Chilean Wine Showcase, with one of the most extensive and awarded wine lists in our Country (More than 300 chilean wine by bottle, 36 wines by the glass);Restaurante;Gama media;Avenida Jose Victorino Lastarria 276 Santiago Historico, Santiago Chile;Santiago;4,5;#42 de 3.950 restaurantes en Santiago;Mediterránea y Bar;Comida para llevar, entrega a domicilio y servicio de mesa;Apto para vegetarianos, opciones veganas y opciones sin gluten
Saffron Indian Delicacies;La Mejor comida típica de la india en Chile;Restaurante;Gama media;Avenida Nueva Costanera 3664, Santiago 7630000 Chile;Vitacura;4,7;#111 de 3.950 restaurantes en Santiago;India;Comida para llevar, entrega a domicilio y servicio de mesa;Apto para vegetarianos, opciones veganas y  opciones sin gluten
La Finestra;"La conexión entre dos mundos hace que nazca un proyecto ligado a ideales comunes entre la cultura italiana y la chilena….donde se comulga en un sentido, el gozar con la buena meza y la bella arquitectura. Son simples elementos que unen a personas bajo un concepto de disfrute, donde la cocina artesanal italiana hace un hermoso juego en esta unión cultural, las pastas, pizzas, postres y cocktelería nos presentan los productos que generan la base del cálido ambiente de La Finestra, la ventana que se abre para conocer la mesa italiana, con tradición y estilo.
Al ingresar por el largo pasillo podemos impregnarnos de un poco de historia, romanticismo, belleza, amor por las artes y el cine. Son tres salones que permiten un ambiente ideal para compartir y conocerse bajo la música que resalta la maravillosa labor de nuestro Chef y nuestro maestro pizzero.
Además hay un bello rincón con un pedazo de cielo libre, donde alrededor de las velas y hermosa vegetación se puede disfrutar al aire libre de un spritz, una exquisita tabla, una pizza o unas pastas.
Desde Italia ha llegado el grupo humano que ha generado este ambiente  que nos transporta a esta cautivadora península europea. Sólo hay que ir a la Plaza Ñuñoa e ingresar a esta hermosa casona colonial llamada La Finestra.";Restaurante;Gama media;Avenida Irarrazaval 3465 Ñuñoa, Santiago 7760050 Chile;Ñuñoa;4,5;#94 de 3.950 restaurantes en Santiago;Italiana;Servicio de mesa;Apto para vegetarianos, opciones veganas y opciones sin gluten
Ciudad Vieja Bellavista;En nuestra Ciudad Vieja, le damos la bienvenida al restaurante en la pintoresca esquina del barrio. Aquí podrá redescubrir el verdadero placer de comer, el sabor sencillo, gratificante y delicioso de la buena comida. Entrar en nuestra Ciudad Vieja significa cruzar el umbral de la cocina tradicional de antaño, donde los deliciosos aromas se arremolinan mágicamente y los sabores evocan experiencias encantadoras, donde la hospitalidad le invita a quedarse más tiempo y a volver siempre. Y son también los ingredientes más sencillos y frescos los que, con modestia, ofrecen los lujosos placeres de la excelente comida. Ciudad Vieja es nuestra cocina, nuestro comedor, el lugar donde le invitamos a sentirse como en casa: a entrar cuando quiera, a comer lo que quiera y como quiera... Y, sobre todo, a hacer de esta Sanguchería su lugar, tanto como lo es el nuestro.;Restaurante;Gama media;Constitución 92;Providencia;4,3;#81 de 3.950 restaurantes en Santiago;Churrasquería y Bar;Comida para llevar y servicio de mesa;Apto para vegetarianos y  opciones veganas
The Singular Restaurant;Our Executive Chef, Hernán Basso, together with a team of professionals, surprise us with preparations that follow techniques from France but implemented with local produce from our country. A unique and memorable sensorial experience.;Restaurante;Más caro;Merced 294, Santiago 8320128 Chile;Santiago;4,6;#57 de 3.950 restaurantes en Santiago;Internacional y Europea;Servicio de mesa;Apto para vegetarianos, opciones veganas y opciones sin gluten
Signore;Pizzeria italiana de alta calidad, con restaurant y bar, con todo lo que necesite para vivir la mejor experiencia e uno de los centros financieros de Santiago, al frente de Costanera Center y Hoteles como NH Collection y Double Three.;Restaurante;Gama media;Vitacura 2615, Santiago 7550191 Chile;Las Condes ;4,4;#106 de 3.950 restaurantes en Santiago;Pizzería e Italiana;Comida para llevar, entrega a domicilio y servicio de mesa;Apto para vegetarianos y opciones veganas
Sabor y Aroma Restaurante;En Restaurant Sabor y Aroma en La Dehesa, innovamos en la gastronomía peruana para marcar la diferencia que mereces con llamativas recetas e imponentes platos que fusionan la comida peruana y la comida asiática, un hecho poco común que encanta a todo el que la prueba y es que si a la gastronomía antigua de Perú le sumas cientos de años de influencia española y finalmente le añades un toque de cocina asiática de la inmigración del siglo XIX, lograrás tener un plano lleno de sabor e innovación.;Restaurante;Más caro;Av. Raúl Labbé 12559, Santiago 7690554 Chile;Lo Barnechea;4,6;#47 de 3.950 restaurantes en Santiago;Japonesa y Peruana;Comida para llevar, entrega a domicilio y servicio de mesa;Apto para vegetarianos, opciones veganas y opciones sin gluten
Ciudadano;No tiene;Restaurante;Gama media;Seminario 400, Santiago 8320000 Chile;Providencia ;4,3;#4 de 101 bares y pubs en Santiago;Pizzería y Bar;Comida para llevar y servicio de mesa;Apto para vegetarianos, opciones veganas y opciones sin gluten
Holy Moly;HOLY MOLY ofrece una auténtica experiencia de hamburguesas americanas. ¡Vegano y vegetariano! ¡Servicio a domicilio! ¡Atención al cliente!;Restaurante;Gama media;Merced 318, Santiago 8320310 Chile;Santiago;4,8;#23 de 3.950 restaurantes en Santiago;Americana y Bar;Comida para llevar y servicio de mesa;Apto para vegetarianos y opciones veganas
Restauran Bidasoa;No tiene;Restaurante;Gama media;Av Vitacura 4873, Santiago, Vitacura, Región Metropolitana;Vitacura;4,5;#76 de 3.950 restaurantes en Santiago;Vegetariana y Bar;Comida para llevar y servicio de mesa;Apto para vegetarianos y opciones veganas
New Horizon;No tiene;Restaurante;Económico;Merced 565, Santiago 8320108 Chile;Santiago;4,5;#68 de 3.950 restaurantes en Santiago;India y Vegetariana;Comida para llevar, entrega a domicilio y servicio de mesa;Apto para vegetarianos y opciones veganas
Restaurant Bristol;Ven a disfrutar lo mejor de nuestra tierra en el “Mejor Restaurant de Cocina Chilena Moderna 2014” y vive la experiencia que Restaurant Bristol ofrece a través de su exquisita carta gastronómica, que incluye entradas, sopas, platos principales de carnes o pescados y exquisitos postres, que han nacido de nuestro Chef Ejecutivo Axel Manríquez y su brigada de cocina. Trabajamos de la mano de pequeños agricultores que nos entregan productos únicos y enriquecidos para ser preparados por nuestra cocina, permitiéndonos a la vez hacer un trabajo responsable a nivel país. Ubicado en pleno centro de Santiago al entrar en Restaurant Bristol encontrarás un mágico lugar que harán de tus almuerzos de negocios o cenas en familia un momento único. Disfruta de las exquisitas opciones que tenemos para tus almuerzos o cena.;Restaurante;Gama media;Alameda 816 Hotel Plaza San Francisco, Santiago 8330097 Chile;Santiago;4,5;#58 de 3.950 restaurantes en Santiago;Chilena ;Servicio de mesa;Apto para vegetarianos, opciones veganas y opciones sin gluten
Noso;Savor traditional Chilean - French delicacies with a modern twist at NoSo, W Santiago's sleek signature restaurant. For a unique interactive experience, reserve a spot at the Chef's table and watch our culinary experts prepare you an epicurean feast.;Restaurante;Más caro;Isidora Goyenechea 3000, Las Condes W Santiago, Santiago Chile;Las Condes ;4,5;#54 de 3.950 restaurantes en Santiago;Francesa y Europea;Servicio de mesa;Apto para vegetarianos, opciones veganas y opciones sin gluten
Karai by Mitsuharu;Experimente una extravagancia culinaria en el ambiente más selecto. Karai es una versión de la cocina nikkei del aclamado chef Mitsuharu: posibilidades ilimitadas, una original mezcla de sabores, colores e ingredientes frescos con un toque audaz que transportará sus sentidos a una experiencia magnética de excesos y sensaciones vibrantes.;Restaurante;Más caro;W Santiago, Isidora Goyenechea 3000, piso 4, 7550000 Las Condes, Región Metropolitana;Las Condes ;4,8;#18 de 3.950 restaurantes en Santiago;Japonesa y Peruana;Servicio de mesa;Apto para vegetarianos y  opciones veganas
Wonderland Café;Síguenos por la madriguera del conejo y piérdete en un extraño y maravilloso mundo nuevo: Wonderland Café abre sus puertas en pleno Barrio Lastarria. Disfruta de una amplia oferta de café y té, acompañados con pastelería fresca, ensaladas abundantes y sandwiches gourmet. ¡Ah, y no pueden faltar a nuestro té tradicional de las cinco de la tarde! #WonderlandCafe;Cafetería;Gama media;Rosal 361 Barrio Lastarria, Santiago 8320144 Chile;Santiago;4,5;N.º 1 de 338 lugares de café y té en Santiago;Café e Internacional;Comida para llevar y servicio de mesa;Apto para vegetarianos y opciones veganas
Rishtedar Providencia;Un lugar innovador y exótico, pensado para el público adulto, resaltando la extraordinaria gastronomía tradicional de la costa de la India, con platos exclusivos, nos estamos convirtiendo en uno de los sitios favoritos de comida asiática, así como aquellos elementos que nos hacen distintivos, como las hookas (pipas de agua) y los bindis (adhesivo en la frente que representa un tercer ojo).;Restaurante;Gama media;Holanda 160, 7510021 Providencia, Región Metropolitana;Providencia;4,3;#82 de 3.950 restaurantes en Santiago;India e Internacional;Comida para llevar y servicio de mesa;Apto para vegetarianos y  opciones veganas
El Huerto;Lugar animado, con mesas al aire libre y obras de arte coloridas, donde se ofrecen platos vegetarianos y veganos.;Restaurante;Gama media;Orrego Luco 54, Providencia, Región Metropolitana;Providencia;4,3;#78 de 3.950 restaurantes en Santiago;Vegetariana y Saludable;Comida para llevar y entrega a domicilio;Apto para vegetarianos y  opciones veganas
Domani Pizzeria Napolitana;"Después de buenísimos siete años con Minga, sus parroquianos, ambiente y su buena onda, fue que decidimos profundizar nuestros conocimientos en torno a la estrella de la casa,  la noble pizza.
Esto nos llevó a buscar más allá de nuestras fronteras, viajamos hasta la cuna de la pizza, Nápoles. Bastó sólo unos días para asegurarnos que la pizza ofrecida en ese lugar era realmente especial. Su ligereza, la pasión y el orgullo de los napolitanos por su producto y la calidad de éste, simplemente, nos conquistaron. Fue ahí donde aprendimos a elaborar la verdadera pizza napolitana, en la Associazione Verace Pizza Napolitana AVPN, donde comenzó a surgir la idea de crear “Domani”.
En aquel curso intensivo pudimos aprender las técnicas utilizadas por antiguos puristas napolitanos, conocimos productores de harina, tomate y mozzarella y pusimos en práctica nuestro aprendizaje en dos antiguos establecimientos: Matozzi  fundada en 1833 y AL22 que opera desde 1935.
La experiencia fue increíble. Compartimos y logramos conocer a personas que se toman la pizza en serio y mantienen una tradición de incalculable valor inmaterial. Nos recibieron muy bien y se aseguraron de que nos lleváramos a Chile la receta de la verdadera Napolitana.
Con “Domani”, nuestra intención es trabajar para que nuestros comensales vivan la experiencia de la pizza de Nápoles, la misma que nosotros experimentamos durante nuestro paso por la ciudad, cuna de esta icónica preparación. Los esperaremos con una sencilla carta mediterránea y una pizza preparada con la receta original napolitana.";Restaurante;Gama media;Granaderos 1328, Santiago 7500594 Chile;Providencia;4,6;#44 de 3.950 restaurantes en Santiago;Pizzería e Italiana;Comida para llevar, entrega a domicilio y servicio de mesa;Apto para vegetarianos y opciones veganas
Chipe Libre - República Independiente Del Pisco;Chipe Libre es un Restaurant y Pisco Bar, compuesto por las dos zonas con denominación de origen PISCO en el mundo (Sur del Perú y Norte de Chile). El PISCO, cansado de tantos conflictos entre ambas zonas, entró en rebeldía, movió sus fronteras y creó su propia República Independiente! Tenemos la selección de Piscos Chilenos y Peruanos más grandes y completas de Chile, Coctelería en base a Pisco, coctelería clásica, Vinos, cerveza y otros destilados. Nuestra gastronomía CHIPEÑA se componen de recetas entre Perú y el norte de Chile. Disponible Terraza (fumador), salón interior y barra.;Restaurante;Gama media;Jose Victorino Lastarria 282, Santiago 8320165 Chile;Santiago;4,6;#36 de 3.950 restaurantes en Santiago;Peruana y Latina;Comida para llevar, entrega a domicilio y servicio de mesa;Apto para vegetarianos, opciones veganas y opciones sin gluten
Lila Restaurante;Enfocado en la comida saludable y fast casual ubicado en excelente sector, a pasos de Av. Apoquindo y del Mall Costantera Center;Restaurante;Más caro;2770 Roger De Flor, Santiago 7550179 Chile;Las Condes ;4,8;#65 de 3.950 restaurantes en Santiago;Bar y Contemporánea;Servicio de mesa;Apto para vegetarianos y opciones veganas
Shinsei;Ubicado en nivel –1, Es nuestro restaurante cocina nikkei donde fusiona los platos japoneses con la comida peruana.;Restaurante;Más caro;Avenida Presidente Kennedy 4700 Vitacura, Santiago 7630454 Chile;Las Condes ;4,8;#19 de 3.950 restaurantes en Santiago;Japonesa y Peruana;Comida para llevar y servicio de mesa;Apto para vegetarianos, opciones veganas y opciones sin gluten
Uncle Fletch;No tiene;Restaurante;Gama media;Dardignac 0192 Esquina con Mallinkrodt, Santiago 8320000 Chile;Providencia ;4,6;#27 de 3.950 restaurantes en Santiago;Americana y Bar;Comida para llevar, entrega a domicilio y servicio de mesa;Apto para vegetarianos y opciones veganas
Senso;Se sirve un menú a la carta todos los días para la cena, mientras que, de lunes a viernes, Senso ofrece un almuerzo ejecutivo que incluye un buffet de antipasto, un plato principal y una copa de vino por CLP 19.900. Todos los domingos, disfrute de un brunch familiar del mundo, donde los niños pueden jugar alegremente, supervisados ​​por nuestras niñeras bilingües certificadas. El precio es de CLP 34.500 por adulto, CLP 12.000 por niño de 6 a 12 años y CLP 6.000 por niño de 2 a 5 años. El buffet también incluye una selección de cuatro vinos, dos espumantes, agua y jugos.;Restaurante;Más caro;Presidente Kennedy Avenue, 4601, 7560994, Región Metropolitana;Las Condes ;4,6;#51 de 3.950 restaurantes en Santiago;Italiana y Vegetariana;Servicio de mesa;Apto para vegetarianos y  opciones veganas 
Krossbar Orrego Luco;¡Bienvenidos a Krossbar Orrego Luco! Bar de cervecería Kross, donde ofrecemos más de 20 cervezas en schop y 40 en botella. ¿Buscas variedad? Puedes disfrutar de diversos estilos de cervecerías invitadas nacionales e internacionales. Especializados en comida y coctelería con cerveza, nuestro equipo te recomendará los mejores maridajes según los platos que tenemos. Ven a disfrutar del mejor ambiente y prueba nuestras exclusivas cervezas de la línea experimental de cervecería Kross. ¡Esperamos que disfrutes tu visita!;Restaurante y Bar;Gama media;Orrego Luco 066, Santiago Chile;Providencia;4,7;#8 de 3.950 restaurantes en Santiago;Latina y Cervecería;Comida para llevar y servicio de mesa;Opciones veganas
Tanaka;Rescatamos los exquisitos sabores de la comida japonesa y peruana. Te esperamos en un espacio moderno y cálido, junto a la mejor atención.;Restaurante;Más caro;Alonso De Cordova 4248, Santiago 7630504 Chile;Vitacura;4,7;#7 de 3.950 restaurantes en Santiago;Japonesa y Peruana;Comida para llevar y servicio de mesa;Apto para vegetarianos, opciones veganas y opciones sin gluten
La Fabbrica Egaña;No tiene;Restaurante;Gama media;Av. Ossa 123, 7870151 La Reina, Región Metropolitana;La Reina;4,6;#38 de 3.950 restaurantes en Santiago;Pizzería e Italiana;Comida para llevar y servicio de mesa;Apto para vegetarianos y  opciones veganas
Castillo Forestal;"""Brasserie francaise"" dentro de un monumento nacional, en el centro de Santiago. Comida francesa con productos chilenos. Maravillosa terraza con vista al Parque Forestal y al Museo de Bellas Artes.";Restaurante;Gama media;Av. Cardenal José María Caro 390, Santiago 8320054 Chile;Santiago;4,5;#45 de 3.950 restaurantes en Santiago;Francesa e Internacional;Comida para llevar y servicio de mesa;Apto para vegetarianos, opciones veganas y opciones sin gluten
Rishtedar;Un lugar innovador y exótico, pensado para adultos, que destaca la extraordinaria cocina tradicional de la costa de la India, con platos exclusivos. Nos estamos convirtiendo en uno de los sitios favoritos de comida asiática. Admitimos mascotas.;Restaurante;Gama media;Vitacura 5461, Santiago 7630598 Chile;Vitacura;4,6;#53 de 3.950 restaurantes en Santiago;India e Internacional;Comida para llevar y servicio de mesa;Apto para vegetarianos y  opciones veganas
Catae Restaurante;El restaurante Catae del Hotel Renaissance Santiago le permite experimentar la cultura sudamericana y saborear deliciosos platos y vinos galardonados. Gracias a la decoración autóctona de Catae, se sentirá rodeado de colores y texturas que lo transportarán a un mundo diferente.;Restaurante;Más caro;Av. Pdte. Kennedy 4700, 7630454 Santiago, Vitacura, Región Metropolitana;Vitacura;4,7;#10 de 3.950 restaurantes en Santiago;Mediterránea e Internacional;Servicio de mesa;Apto para vegetarianos y  opciones veganas 
Quinoa ;Quinoa es un restaurante vegetariano y vegano fundado en 2010. Ofrecemos desayuno, brunch, almuerzo, cafetería, merienda y cena, además de comida para llevar y a domicilio. Nuestra cocina tiene influencias mediterráneas, latinoamericanas y orientales. Entre los platos más destacados se encuentran la ensalada de quinoa roja, la lasaña de berenjena, el mezze, los burritos y nuestro pad thai. Abrimos de lunes a domingo.;Restaurante;Gama media;Luis Pasteur 5393;Vitacura;4,5;#50 de 3.950 restaurantes en Santiago;Latina y Saludable;Comida para llevar y servicio de mesa;Apto para vegetarianos y  opciones veganas
Estró Santiago;Chile, its wide coast and extensive geography keeps hidden culinary treasures we bring to our guests from their origin to our kitchen under the concept of “New Chilean Cuisine”. Sustainable ingredients and fresh daily products show the visitor new flavours and textures, guaranteeing their freshness. Estró invites you on a journey through Chile and its culture with the best service in Santiago.;Restaurante;Más caro;El Alcalde 15, Santiago 7550655 Chile;Las Condes ;4,6;#43 de 3.950 restaurantes en Santiago;Internacional y Bar;Comida para llevar y servicio de mesa;Apto para vegetarianos, opciones veganas y opciones sin gluten
Krossbar Mall Sport;Laguna Mall Sport;Restaurante;Más caro;Av. Las Condes 13451 Local L108, Santiago 7590923 Chile;Las Condes ;4,9;#17 de 3.950 restaurantes en Santiago;Cervecería y Bar;Comida para llevar y servicio de mesa;Opciones veganas
Zanzíbar;Te invitamos a realizar un viaje alrededor del mundo, ofreciendo platos tailandeses, marroquíes, vietnamitas, japoneses, pakistaníes, libaneses y otros de tierras lejanas en una decoración exótica con la azotea más popular de la ciudad.;Cafetería;Más caro;San J.M. Escrivá de Balaguer 6400, Santiago 7640859 Chile;Vitacura;4,7;#9 de 3.950 restaurantes en Santiago;Marroquí y Mediterránea;Comida para llevar y servicio de mesa;Apto para vegetarianos, opciones veganas y opciones sin gluten
Chilean Brunch;Chilean Brunch es un espacio que te mostrará Chile en un solo plato, queremos que tengas un tour gastronómico y cultural sobre los sabores de Chile, con una sola visita, honraremos la memoria de sus fundadores Yolanda y Roberto quienes dejaron su alma en este lugar, y juntos ,respiraremos arte, música y gastronomía;Restaurante;Gama media;Ernesto Pinto Lagarrigue 191, Santiago 8420496 Chile;Recoleta;5;#1 de 3.950 restaurantes en Santiago;Café y Saludable;Entrega a domicilio y Servicio de mesa;Apto para vegetarianos, opciones veganas y opciones sin gluten